-- MySQL dump 10.13  Distrib 8.0.21, for Win64 (x86_64)
--
-- Host: localhost    Database: toko_batik
-- ------------------------------------------------------
-- Server version	8.0.21

/*!40101 SET @OLD_CHARACTER_SET_CLIENT=@@CHARACTER_SET_CLIENT */;
/*!40101 SET @OLD_CHARACTER_SET_RESULTS=@@CHARACTER_SET_RESULTS */;
/*!40101 SET @OLD_COLLATION_CONNECTION=@@COLLATION_CONNECTION */;
/*!50503 SET NAMES utf8 */;
/*!40103 SET @OLD_TIME_ZONE=@@TIME_ZONE */;
/*!40103 SET TIME_ZONE='+00:00' */;
/*!40014 SET @OLD_UNIQUE_CHECKS=@@UNIQUE_CHECKS, UNIQUE_CHECKS=0 */;
/*!40014 SET @OLD_FOREIGN_KEY_CHECKS=@@FOREIGN_KEY_CHECKS, FOREIGN_KEY_CHECKS=0 */;
/*!40101 SET @OLD_SQL_MODE=@@SQL_MODE, SQL_MODE='NO_AUTO_VALUE_ON_ZERO' */;
/*!40111 SET @OLD_SQL_NOTES=@@SQL_NOTES, SQL_NOTES=0 */;

--
-- Table structure for table `artikel`
--

DROP TABLE IF EXISTS `artikel`;
/*!40101 SET @saved_cs_client     = @@character_set_client */;
/*!50503 SET character_set_client = utf8mb4 */;
CREATE TABLE `artikel` (
  `id` int NOT NULL AUTO_INCREMENT,
  `judul` varchar(255) NOT NULL,
  `slug` varchar(255) NOT NULL,
  `image` varchar(255) NOT NULL,
  `content` text NOT NULL,
  `sumber` varchar(255) DEFAULT NULL,
  `created_at` datetime DEFAULT NULL,
  `updated_at` datetime DEFAULT NULL,
  PRIMARY KEY (`id`)
) ENGINE=InnoDB AUTO_INCREMENT=14 DEFAULT CHARSET=utf8mb4 COLLATE=utf8mb4_0900_ai_ci;
/*!40101 SET character_set_client = @saved_cs_client */;

--
-- Dumping data for table `artikel`
--

LOCK TABLES `artikel` WRITE;
/*!40000 ALTER TABLE `artikel` DISABLE KEYS */;
INSERT INTO `artikel` VALUES (13,'Sejarah Batik Trusmi Cirebon','sejarah-batik-trusmi-cirebon','1610697190_a53a51db2c43967ea141.jpg','<p><strong>CIREBON.</strong> Desa Trusmi, Kabupaten Cirebon, kini sudah menjelma menjadi pusat batik yang sangat diminati. Kondisi ini berbeda jauh dengan kondisi desa Trusmi sepuluh tahun lalu. Pada waktu itu, tak banyak orang yang mengetahui harta karun berupa batik berciri khas asal Cirebon itu.<br /><br />Kini, harta karun itu sudah ditemukan dan menjadi magnet utama yang menarik para wisatawan ke daerah ini.<br /><br />Perkembangan batik di daerah Cirebon dimulai dari sebuah desa kecil bernama Trusmi. Menurut Rukadi, Ketua Asosiasi Perajin dan Pengusaha Batik Kota Cirebon, sebetulnya perkembangan batik Trusmi berawal dari abad 14.<br /><br />Dia menceritakan, pada jaman itu, daerah Trusmi memang kerap mendapatkan pesanan batik dari keraton Cirebon yang dipimpin oleh Sunan Gunung Jati. Itu sebabnya, batik Trusmi dapat dikatakan berasal dari seni dan kebudayaan keraton.<br /><br />&quot;Nah, di desa Trusmi ini banyak perajin yang bisa membuat dan memproduksi batik. Bisa disebut mereka adalah praktisi hebat batik yang berasal dari desa Trusmi. Jadi dari dulu memang sudah berkembang batik di desa ini,&quot; kata Rukadi.<br /><br />Para perajin hanya membuat batik berdasarkan pesanan dua keraton yang ada pada waktu itu, yaitu Keraton Kanoman dan Kasepuhan. Beberapa motif batik keraton yang terkenal pada masa itu antara lain Paksi Naga Liman, Siti Inggil, Kanoman, Taman Kasepuhan, dan Taman Sunyaragi.<br /><br />Dari keraton, batik kemudian menyebar ke kalangan biasa. Dari sinilah muncul batik pesisiran.<br /><br />&quot;Batik keraton memiliki pola yang baku dan bermakna religius. Sedangkan batik pesisiran lebih dinamis,&quot; jelasnya.<br /><br />Rukadi menceritakan, selama bertahun-tahun, batik di daerah Trusmi terus berkembang. Perkembangan yang paling dirasakan terjadi di tahun 1955. Pada waktu itu, perangkat desa mendirikan koperasi batik trusmi yang bertujuan untuk memajukan para pengrajin dan pengusaha batik.<br /><br />Sebenarnya, koperasi ini sudah didirikan sebelum 1955. Hanya saja perubahan secara luas baru dirasakan masyarakat Trusmi sejak tahun 1955. Sejak saat itu, nama Trusmi mulai dikenal.<br />&quot;Trusmi ini bukan hanya dikenal di kalangan domestik tapi juga mancanegara karena kearifan lokal batik trusminya,&quot; jelas Rukadi.<br /><br />Kendati sudah dikenal, tapi pada saat itu pemasaran batik Trusmi sangat tergantung pada pemasaran seorang keturunan China yang ada di Cirebon. Baru setelah tahun 1970-an, perdagangan batik Trusmi mulai pesat.<br /><br />&quot;Saking ramainya, Trusmi itu mengekspor tenaga kerja dari Pekalongan. Pada tahun 1970-an itu, orang Pekalongan banyak yang bekerja di desa kami. Bahkan sekitar 40% warga desa Trusmi adalah orang Pekalongan,&quot; ungkapnya.<br /><br />Warga Pekalongan, kata Rukadi, sangat ahli dalam mencecek batik. Namun, setelah itu, perekonomian orang Pekalongan semakin membaik sehingga mereka tidak mau lagi ke Cirebon. &quot;Akhirnya, pengusaha Trusmi yang datang ke sana dengan membawa kain untuk dikerjakan,&quot; paparnya.<br /><br />Kemudian, perubahan besar terjadi pada tahun 2009. Pada waktu itu, batik Indonesia secara resmi diakui UNESCO. Jika sebelumnya dari 55 perajin batik di desa Trusmi, yang memiliki workshop bisa dihitung dengan jari. Secara berangsur-angsur, workshop perajin batik semakin bertambah.<br /><br />Bahkan di tahun 1991, seorang pengusaha bernama Abed Menda mendirikan showroom pertamanya di desa Trusmi.<br /><br />Saat ini, di desa Trusmi saja, jumlah tenaga kerja yang mempunyai keahlian membatik, baik membatik pola desain awal, mencecek, dan menembok mencapai 3.000 orang. Sedangkan perajin yang mempunyai workshop mencapai 500-an. Adapun pengusaha yang memiliki showroom sejumlah 75 showroom.<br /><br /><strong>Terbantu Tol Cipali</strong></p><p>KONTAN sempat mewawancarai Abed Menda, pendiri sekaligus pemilik Batik Gunung Jati. Abed menceritakan, awalnya banyak pihak yang menertawakan saat dirinya mendirikan showroom di Trusmi.<br /><br />&quot;Soalnya kan pada bingung, kok mendirikan showroom di dalam kampung. Siapa yang mau lihat. Tapi saya cuek saja,&quot; kata Abed sambil tersenyum.<br /><br />Keberuntungan berpihak kepada Abed. Sejak dia merintis showroom, akhirnya banyak pengusaha batik lain yang mengikuti jejaknya. &quot;Yang saya ingat, mulai berkembang sekali itu tahun 1993. Setelah saya, banyak keluarga saya yang mendirikan toko di kawasan ini,&rdquo; kenangnya.</p><p>Abed menceritakan, setelah tahun 2000, semakin terlihat perkembangan pesat di desa Trusmi. Hampir 50% perajin batik mempunyai toko di pinggir-pinggir jalan desa Trusmi. Di 2003, jumlah toko atau showroom di desa ini kian banyak dan memenuhi setiap ruas jalan dari ujung desa Panembahan, desa Trusmi, terus sampai ke desa Weru.</p><p>&ldquo;Alhamdulillah sekarang boleh dikatakan Trusmi sudah mulai dikenal,&rdquo; lanjut Abed.</p><p>Erwin Ibrahim, pemilik Rajjas Batik menambahkan, perkembangan pesat desa Trusmi, Cirebon, sangat terasa sejak 2013-2014. Pada saat itu, Tol Cikopo-Palimanan resmi dibuka. Dengan adanya tol ini, jarak tempuh ke Cirebon yang biasanya memakan waktu lima jam, bisa ditempuh dalam waktu dua jam saja.</p><p>&ldquo;Jadi mulai banyak wisatawan lokal yang menjadikan Cirebon sebagai tujuan wisata, seperti one day in Cirebon. Sarapan di Cirebon, makan siang di Cirebon, cari batik, cari kerang atau oleh-oleh lainnya, sorenya pulang,&rdquo; papar Erwin.</p><p>Selain itu, lanjut Erwin, perubahan drastis dalam pengelolaan kereta api juga mendorong bisnis wisata Cirebon. Misalnya saja, jadwal keberangkatan kereta yang tepat waktu, kondisi kereta yang lebih nyaman, tidak diperbolehkannya pedagang asongan masuk, dan sebagainya. Hal itu membuat para pelancong merasa nyaman naik kereta ke Cirebon.</p><p>Erwin menilai, faktor-faktor tadi menyebabkan tingkat wisatawan ke Cirebon melonjak. Tentunya, bisnis Rajjas Batik ikut terciprat keuntungan. Dia memprediksi, di tahun ini, lonjakan wisatawan ke Cirebon naik 100% lebih.</p><p>&ldquo;Karena biasanya toko ramai pada Sabtu-Minggu. Tapi sekarang sudah mulai merata. Hari-hari biasa Senin-Jumat juga lumayan bagus,&rdquo; paparnya.</p><p>Di Rajjas Batik, jumlah pengunjung di hari-hari biasa sekitar 20 sampai 30 orang. Sementara, saat weekend, jumlahnya melonjak hingga 100 orang lebih.</p>','sumber sejarah batik trusmi','2021-01-15 01:53:10','2021-01-15 21:51:16');
/*!40000 ALTER TABLE `artikel` ENABLE KEYS */;
UNLOCK TABLES;

--
-- Table structure for table `batik`
--

DROP TABLE IF EXISTS `batik`;
/*!40101 SET @saved_cs_client     = @@character_set_client */;
/*!50503 SET character_set_client = utf8mb4 */;
CREATE TABLE `batik` (
  `id` int NOT NULL AUTO_INCREMENT,
  `name` varchar(255) NOT NULL,
  `slug` varchar(255) NOT NULL,
  `ukuran` varchar(45) NOT NULL,
  `date` datetime NOT NULL,
  `image` varchar(255) NOT NULL,
  `deskripsi` text NOT NULL,
  `harga_beli` int NOT NULL,
  `harga_jual` int NOT NULL,
  `shopee` varchar(255) DEFAULT NULL,
  `tokopedia` varchar(255) DEFAULT NULL,
  `bukalapak` varchar(255) DEFAULT NULL,
  `kain_id` int NOT NULL,
  `created_at` datetime DEFAULT NULL,
  `updated_at` datetime DEFAULT NULL,
  `populer` tinyint NOT NULL,
  PRIMARY KEY (`id`),
  KEY `fk_kain_batik_idx` (`kain_id`),
  CONSTRAINT `fk_kain_batik` FOREIGN KEY (`kain_id`) REFERENCES `kain` (`id`) ON DELETE RESTRICT ON UPDATE CASCADE
) ENGINE=InnoDB AUTO_INCREMENT=51 DEFAULT CHARSET=utf8mb4 COLLATE=utf8mb4_0900_ai_ci;
/*!40101 SET character_set_client = @saved_cs_client */;

--
-- Dumping data for table `batik`
--

LOCK TABLES `batik` WRITE;
/*!40000 ALTER TABLE `batik` DISABLE KEYS */;
INSERT INTO `batik` VALUES (17,'Batik Tulis Motif Anggonan Katun Bendera Premium Khas Trusmi Cirebon Kode 010','batik-tulis-motif-anggonan-katun-bendera-premium-khas-trusmi-cirebon','250cm x 100cm','2021-01-18 08:40:36','1610934036_33569c678e1e7b4e4240.jpeg','<p>Batik Tulis Motif Anggonan Katun Bendera Premium Khas Trusmi Cirebon</p>',925000,1025000,'','','',4,'2021-01-17 19:40:36','2021-01-17 19:40:36',1),(18,'Batik Tulis Pola Kemeja Full Hitam Motif Kulit Dukuh Klasik Kode 017','batik-tulis-pola-kemeja-full-hitam-motif-kulit-dukuh-klasik-kode-017','250cm x 100cm','2021-01-18 11:02:26','1610941068_47aa7dada2a4ffafa56d.jpeg','<p>Budayakan membaca sebelum membeli<br /><br />*Batik Tulis<br />*Full Canting dan Pewarnaan Rendaman Air (bukan dicolet)<br />*Buatan Pengrajin Trusmi Cirebon<br />*Bahan Katun Prismisim High Quality<br />*Ukuran 240cm x 100cm<br />*Bisa untuk dibuat jadi kemeja, dres, blus, kebaya dan lain-lai.<br />*Menerima Jahitan<br />*IDR 1.050.000<br /><br />*Real Pict, No efek, no edit dan no flash, warna sesuai yang difoto<br /><br />*Batik tulisadalah kain yang dihias dengan teksture dan corak batik menggunakan tangan. Pembuatan batik jenis ini memakan waktu kurang lebih 2-3 bulan.<br /><br />*Menerima pemesanan batik tulis sesuai motif yang diinginkan</p>',850000,1050000,'https://shopee.co.id/product/61687869/5376933125/','https://www.tokopedia.com/mabrur20111996/batik-tulis-pola-kemeja-full-hitam-motif-kulit-dukuh-klasik-kode-017','https://www.bukalapak.com/p/fashion-wanita/bahan-kain/48hi3c9-jual-batik-tulis-pola-kemeja-full-hitam-motif-kulit-dukuh-klasik-kode-017?from=list-product&pos=0&keyword=Batik%20Tulis%20Pola%20Kemeja%20Full%20Hitam%20Motif%20Kulit%20Dukuh%20Klasik%20Kode%20',6,'2021-01-17 21:37:48','2021-01-17 22:02:26',1),(19,'Batik Tulis Pola Kemeja Full Hitam Motif Kulit Dukuh Klasik Kode 018','batik-tulis-pola-kemeja-full-hitam-motif-kulit-dukuh-klasik-kode-018','250cm x 100cm','2021-01-18 11:35:24','1610943221_56279b4ec5cc919be265.jpeg','<p>*Batik Tulis<br />*Full Canting dan Pewarnaan Rendaman Air (bukan dicolet)<br />*Buatan Pengrajin Trusmi Cirebon<br />*Bahan Katun Prismisim High Quality<br />*Ukuran 240cm x 100cm<br />*Bisa untuk dibuat jadi kemeja, dres, blus, kebaya dan lain-lai.<br />*Menerima Jahitan<br />*IDR 1.050.000<br /><br />*Real Pict, No efek, no edit dan no flash, warna sesuai yang difoto<br /><br />*Batik tulisadalah kain yang dihias dengan teksture dan corak batik menggunakan tangan. Pembuatan batik jenis ini memakan waktu kurang lebih 2-3 bulan.<br /><br />*Menerima pemesanan batik tulis sesuai motif yang diinginkan</p>',850000,1050000,'https://shopee.co.id/product/61687869/7476922173/','https://www.tokopedia.com/mabrur20111996/batik-tulis-pola-kemeja-full-hitam-motif-kulit-dukuh-klasik-kode-018','https://www.bukalapak.com/p/fashion-wanita/bahan-kain/48hp54n-jual-batik-tulis-pola-kemeja-full-hitam-motif-kulit-dukuh-klasik-kode-018?from=list-product&pos=0&keyword=Batik%20Tulis%20Pola%20Kemeja%20Full%20Hitam%20Motif%20Kulit%20Dukuh%20Klasik%20Kode%20',6,'2021-01-17 22:13:41','2021-01-17 22:35:24',0),(20,'Batik Tulis Pola Kemeja Motif Sogan Klasik Khas Trusmi Cirebon Kode 019','batik-tulis-pola-kemeja-motif-sogan-klasik-khas-trusmi-cirebon-kode-019','250cm x 100cm','2021-01-18 11:47:45','1610944744_134f2af90c1f26f2ff1c.jpeg','<p><strong>Budayakan membaca sebelum membeli</strong></p><p>*Batik Tulis<br />*Full Canting dan Pewarnaan Rendaman Air (bukan dicolet)<br />*Buatan Pengrajin Trusmi Cirebon<br />*Ukuran 250cm x 100cm<br />*Bisa untuk dibuat jadi kemeja, dres, blus, kebaya dan lain-lai.<br />*Menerima Jahitan</p><p>*Real Pict, No efek, no edit dan no flash, warna sesuai yang difoto</p><p>*Batik tulis adalah kain yang dihias dengan teksture dan corak batik menggunakan tangan. Pembuatan batik jenis ini memakan waktu kurang lebih 2-3 bulan.</p><p>*Menerima pemesanan batik tulis sesuai motif yang diinginkan</p>',750000,950000,'https://shopee.co.id/product/61687869/3182179855/','https://www.tokopedia.com/mabrur20111996/batik-tulis-pola-kemeja-motif-sogan-klasik-khas-trusmi-kode-019','https://www.bukalapak.com/p/fashion-wanita/bahan-kain/48hr6g8-jual-batik-tulis-pola-kemeja-motif-sogan-klasik-khas-trusmi-cirebon-kode-019?from=list-product&pos=0&keyword=Batik%20Tulis%20Pola%20Kemeja%20Motif%20Sogan%20Klasik%20Khas%20Trusmi%20Cirebon%20K',4,'2021-01-17 22:39:04','2021-01-17 22:47:45',0),(21,'Batik Tulis Pola Kemeja Motif Sogan Klasik Khas Trusmi Cirebon Kode 020','batik-tulis-pola-kemeja-motif-sogan-klasik-khas-trusmi-cirebon-kode-020','250cm x 100cm','2021-01-18 01:06:22','1610945363_4c2379327996cad56f61.jpeg','<p><strong>Budayakan membaca sebelum membeli</strong></p><p>*Batik Tulis<br />*Full Canting dan Pewarnaan Rendaman Air (bukan dicolet)<br />*Buatan Pengrajin Trusmi Cirebon<br />*Ukuran 250cm x 100cm<br />*Bisa untuk dibuat jadi kemeja, dres, blus, kebaya dan lain-lai.<br />*Menerima Jahitan</p><p>*Real Pict, No efek, no edit dan no flash, warna sesuai yang difoto</p><p>*Batik tulis adalah kain yang dihias dengan teksture dan corak batik menggunakan tangan. Pembuatan batik jenis ini memakan waktu kurang lebih 2-3 bulan.</p><p>*Menerima pemesanan batik tulis sesuai motif yang diinginkan</p>',750000,950000,'https://shopee.co.id/product/61687869/6376933107/','https://www.tokopedia.com/mabrur20111996/batik-tulis-pola-kemeja-motif-sogan-klasik-khas-trusmi-kode-020','https://www.bukalapak.com/p/fashion-wanita/bahan-kain/48i0mh7-jual-batik-tulis-pola-kemeja-motif-sogan-klasik-khas-trusmi-cirebon-kode-020?from=list-product&pos=0&keyword=Batik%20Tulis%20Pola%20Kemeja%20Motif%20Sogan%20Klasik%20Khas%20Trusmi%20Cirebon%20K',4,'2021-01-17 22:49:23','2021-01-18 00:06:22',1),(22,'Batik Tulis Pola Kemeja Motif Sogan Klasik Khas Trusmi Cirebon Kode 021','batik-tulis-pola-kemeja-motif-sogan-klasik-khas-trusmi-cirebon-kode-021','250cm x 100cm','2021-01-18 01:19:33','1610950236_d2d25092f8216aded5cf.jpeg','<p><strong>Budayakan membaca sebelum membeli</strong></p><p>*Batik Tulis<br />*Full Canting dan Pewarnaan Rendaman Air (bukan dicolet)<br />*Buatan Pengrajin Trusmi Cirebon<br />*Ukuran 250cm x 100cm<br />*Bisa untuk dibuat jadi kemeja, dres, blus, kebaya dan lain-lai.</p><p>*Real Pict, No efek, no edit dan no flash, warna sesuai yang difoto</p><p>*Batik tulis adalah kain yang dihias dengan teksture dan corak batik menggunakan tangan. Pembuatan batik jenis ini memakan waktu kurang lebih 2-3 bulan.</p><p>*Menerima pemesanan batik tulis sesuai motif yang diinginkan</p>',750000,950000,'https://shopee.co.id/product/61687869/8510587004/','https://www.tokopedia.com/mabrur20111996/batik-tulis-pola-kemeja-motif-sogan-klasik-khas-trusmi-kode-021','https://www.bukalapak.com/p/fashion-wanita/bahan-kain/48i2fc2-jual-batik-tulis-pola-kemeja-motif-sogan-klasik-khas-trusmi-cirebon-kode-021?from=list-product&pos=0&keyword=Batik%20Tulis%20Pola%20Kemeja%20Motif%20Sogan%20Klasik%20Khas%20Trusmi%20Cirebon%20K',4,'2021-01-18 00:10:36','2021-01-18 00:19:33',1),(23,'Sarung Batik Tulis Motif Burung Merak Bahan Katun Primisima Khas Trusmi Cirebon Kode 022','sarung-batik-tulis-motif-burung-merak-bahan-katun-primisima-khas-trusmi-cirebon-kode-022','220cm x 100cm','2021-01-18 01:35:20','1610951212_4620f4d32c4a87be885b.jpeg','<p><strong>Budayakan membaca sebelum membeli</strong><br /><br />*Batik Tulis<br />*Full Canting dan Pewarnaan Rendaman Air (bukan dicolet)<br />*Buatan Pengrajin Trusmi Cirebon<br />*Bahan Katun&nbsp;Primisima High Quality<br />*Ukuran 220cm x 115cm<br /><br />*Real Pict, No efek, no edit dan no flash, warna sesuai yang difoto<br /><br />*Batik tulisadalah kain yang dihias dengan teksture dan corak batik menggunakan tangan. Pembuatan batik jenis ini memakan waktu kurang lebih 2-3 bulan.<br /><br />*Menerima pemesanan batik tulis sesuai motif yang diinginkan</p>',475000,675000,'https://shopee.co.id/product/61687869/7376955082/','https://www.tokopedia.com/mabrur20111996/sarung-batik-tulis-burung-merak-bahan-katun-primisima-khas-trusmi','https://www.bukalapak.com/p/fashion-wanita/bahan-kain/48i4l6f-jual-sarung-batik-tulis-motif-burung-merak-bahan-katun-primisima-khas-trusmi-cirebon-kode-022?from=list-product&pos=0&keyword=Sarung%20Batik%20Tulis%20Motif%20Burung%20Merak%20Bahan%20Katun%20P',6,'2021-01-18 00:26:52','2021-01-18 00:35:20',0),(24,'Sarung Batik Tulis Motif Burung Merak Bahan Katun Primisima Khas Trusmi Cirebon Kode 023','sarung-batik-tulis-motif-burung-merak-bahan-katun-primisima-khas-trusmi-cirebon-kode-023','220cm x 100cm','2021-01-18 01:46:33','1610951876_94594b58b3498cdb10e0.jpeg','<p><strong>Budayakan membaca sebelum membeli</strong><br /><br />*Batik Tulis<br />*Full Canting dan Pewarnaan Rendaman Air (bukan dicolet)<br />*Buatan Pengrajin Trusmi Cirebon<br />*Bahan Katun&nbsp;Primisima High Quality<br />*Ukuran 220cm x 115cm<br /><br />*Real Pict, No efek, no edit dan no flash, warna sesuai yang difoto<br /><br />*Batik tulisadalah kain yang dihias dengan teksture dan corak batik menggunakan tangan. Pembuatan batik jenis ini memakan waktu kurang lebih 2-3 bulan.<br /><br />*Menerima pemesanan batik tulis sesuai motif yang diinginkan</p>',475000,675000,'https://shopee.co.id/product/61687869/7676956351/','https://www.tokopedia.com/mabrur20111996/sarung-batik-tulis-burung-merak-bahan-katun-primisima-khas-trusmi-023','https://www.bukalapak.com/p/fashion-wanita/bahan-kain/48i5zdn-jual-sarung-batik-tulis-motif-burung-merak-bahan-katun-primisima-khas-trusmi-cirebon-kode-023?from=list-product&pos=0&keyword=Sarung%20Batik%20Tulis%20Motif%20Burung%20Merak%20Bahan%20Katun%20P',6,'2021-01-18 00:37:56','2021-01-18 00:46:33',0),(25,'Kain Batik Tulis Motif Sogan Klasik Bahan Katun Primisima Khas Trusmi Cirebon Kode 024','kain-batik-tulis-motif-sogan-klasik-bahan-katun-primisima-khas-trusmi-cirebon-kode-024','250cm x 100cm','2021-01-18 01:58:40','1610952661_e8ca6f918856cecf3b15.jpeg','<p><strong>Budayakan membaca sebelum membeli</strong></p><p>*Batik Tulis<br />*Full Canting dan Pewarnaan Rendaman Air (bukan dicolet)<br />*Buatan Pengrajin Trusmi Cirebon<br />*Bahan Katun GA Primisima<br />*Ukuran 250cm x 100cm<br />*Bisa untuk dibuat jadi kemeja, dres, blus, kebaya dan lain-lai.<br />*Menerima Jahitan</p><p>*Real Pict, No efek, no edit dan no flash, warna sesuai yang difoto</p><p>*Batik tulisadalah kain yang dihias dengan teksture dan corak batik menggunakan tangan. Pembuatan batik jenis ini memakan waktu kurang lebih 2-3 bulan.</p><p>*Menerima pemesanan batik tulis sesuai motif yang diinginkan</p>',950000,1150000,'https://shopee.co.id/product/61687869/4576950016/','https://www.tokopedia.com/mabrur20111996/kain-batik-tulis-sogan-klasik-bahan-katun-primisima-khas-trusmi-024','https://www.bukalapak.com/p/fashion-wanita/bahan-kain/48i7ijh-jual-kain-batik-tulis-motif-sogan-klasik-bahan-katun-primisima-khas-trusmi-cirebon-kode-024?from=list-product&pos=0&keyword=Kain%20Batik%20Tulis%20Motif%20Sogan%20Klasik%20Bahan%20Katun%20Primi',6,'2021-01-18 00:51:01','2021-01-18 00:58:40',1),(26,'Kain Batik Tulis Motif Sogan Klasik Bahan Katun Primisima Khas Trusmi Cirebon Kode 025','kain-batik-tulis-motif-sogan-klasik-bahan-katun-primisima-khas-trusmi-cirebon-kode-025','250cm x 100cm','2021-01-18 02:11:09','1610953337_21b18d0af12d0da6e367.jpeg','<p><strong>Budayakan membaca sebelum membeli</strong></p><p>*Batik Tulis<br />*Full Canting dan Pewarnaan Rendaman Air (bukan dicolet)<br />*Buatan Pengrajin Trusmi Cirebon<br />*Bahan Katun GA Primisima<br />*Ukuran 250cm x 100cm<br />*Bisa untuk dibuat jadi kemeja, dres, blus, kebaya dan lain-lai.<br />*Menerima Jahitan</p><p>*Real Pict, No efek, no edit dan no flash, warna sesuai yang difoto</p><p>*Batik tulisadalah kain yang dihias dengan teksture dan corak batik menggunakan tangan. Pembuatan batik jenis ini memakan waktu kurang lebih 2-3 bulan.</p><p>*Menerima pemesanan batik tulis sesuai motif yang diinginkan</p>',950000,1150000,'https://shopee.co.id/product/61687869/8910595433/','https://www.tokopedia.com/mabrur20111996/kain-batik-tulis-sogan-klasik-bahan-katun-primisima-khas-trusmi-025','https://www.bukalapak.com/p/fashion-wanita/bahan-kain/48i8xa0-jual-kain-batik-tulis-motif-sogan-klasik-bahan-katun-primisima-khas-trusmi-cirebon-kode-025?from=list-product&pos=0&keyword=Kain%20Batik%20Tulis%20Motif%20Sogan%20Klasik%20Bahan%20Katun%20Primi',6,'2021-01-18 01:02:17','2021-01-18 01:11:09',1),(27,'Kain Batik Tulis Mega Mendung Parang Katun Primisima Khas Trusmi Cirebon Kode 026','kain-batik-tulis-mega-mendung-parang-katun-primisima-khas-trusmi-cirebon-kode-026','250cm x 100cm','2021-01-21 08:49:48','1611111738_d317ce7d1cc68f357b8a.jpeg','<p><strong>Budayakan membaca sebelum membeli</strong></p><p>*Batik Tulis<br />*Full Canting dan Pewarnaan Rendaman Air (bukan dicolet)<br />*Buatan Pengrajin Trusmi Cirebon<br />*Ukuran 250cm x 100cm<br />*Bisa untuk dibuat jadi kemeja, dres, blus, kebaya dan lain-lai.<br />*Menerima Jahitan</p><p>*Real Pict, No efek, no edit dan no flash, warna sesuai yang difoto</p><p>*Batik tulis adalah kain yang dihias dengan teksture dan corak batik menggunakan tangan. Pembuatan batik jenis ini memakan waktu kurang lebih 2-3 bulan.</p><p>*Menerima pemesanan batik tulis sesuai motif yang diinginkan</p>',625000,825000,'https://shopee.co.id/product/61687869/9811039278/','https://www.tokopedia.com/batikid/kain-batik-tulis-mega-mendung-parang-katun-primisima-khas-trusmi-026','https://www.bukalapak.com/p/fashion-wanita/bahan-kain/48zw6co-jual-kain-batik-tulis-mega-mendung-parang-katun-primisima-khas-trusmi-cirebon-kode-026?from=list-product&pos=0&keyword=Kain%20Batik%20Tulis%20Mega%20Mendung%20Parang%20Katun%20Primisima%20Khas%',6,'2021-01-19 21:02:18','2021-01-21 07:49:48',0),(28,'Kain Batik Tulis Motif Bunga Katun Primisima High Quality Khas Trusmi Cirebon Kode 027','kain-batik-tulis-motif-bunga-katun-primisima-high-quality-khas-trusmi-cirebon-kode-027','250cm x 100cm','2021-01-21 08:38:41','1611111844_40a4bf98381e3155f757.jpeg','<p><strong>Budayakan membaca sebelum membeli</strong></p><p>*Batik Tulis<br />*Full Canting dan Pewarnaan Rendaman Air (bukan dicolet)<br />*Buatan Pengrajin Trusmi Cirebon<br />*Ukuran 250cm x 100cm<br />*Bisa untuk dibuat jadi kemeja, dres, blus, kebaya dan lain-lai.<br />*Menerima Jahitan</p><p>*Real Pict, No efek, no edit dan no flash, warna sesuai yang difoto</p><p>*Batik tulis adalah kain yang dihias dengan teksture dan corak batik menggunakan tangan. Pembuatan batik jenis ini memakan waktu kurang lebih 2-3 bulan.</p><p>*Menerima pemesanan batik tulis sesuai motif yang diinginkan</p>',725000,925000,'https://shopee.co.id/product/61687869/8010830293/','https://www.tokopedia.com/batikid/kain-batik-tulis-motif-bunga-katun-primisima-khas-trusmi-cirebon-026','https://www.bukalapak.com/p/fashion-wanita/bahan-kain/48pep4b-jual-kain-batik-tulis-motif-bunga-katun-primisima-high-quality-khas-trusmi-cirebon-kode-026?from=list-product&pos=0&keyword=Kain%20Batik%20Tulis%20Motif%20Bunga%20Katun%20Primisima%20High%20Qua',6,'2021-01-19 21:04:04','2021-01-21 07:38:41',0),(29,'Kain Batik Tulis Mega Mendung Parang Katun Primisima Khas Trusmi Cirebon Kode 028','kain-batik-tulis-mega-mendung-parang-katun-primisima-khas-trusmi-cirebon-kode-028','250cm x 100cm','2021-01-21 08:53:45','1611111915_e2c77a87780f7021e6cb.jpeg','<p><strong>Budayakan membaca sebelum membeli</strong></p><p>*Batik Tulis<br />*Full Canting dan Pewarnaan Rendaman Air (bukan dicolet)<br />*Buatan Pengrajin Trusmi Cirebon<br />*Ukuran 250cm x 100cm<br />*Bisa untuk dibuat jadi kemeja, dres, blus, kebaya dan lain-lai.<br />*Menerima Jahitan</p><p>*Real Pict, No efek, no edit dan no flash, warna sesuai yang difoto</p><p>*Batik tulis adalah kain yang dihias dengan teksture dan corak batik menggunakan tangan. Pembuatan batik jenis ini memakan waktu kurang lebih 2-3 bulan.</p><p>*Menerima pemesanan batik tulis sesuai motif yang diinginkan</p>',625000,825000,'https://shopee.co.id/product/61687869/7777444741/','https://www.tokopedia.com/batikid/kain-batik-tulis-mega-mendung-parang-katun-primisima-khas-trusmi-028','https://www.bukalapak.com/p/fashion-wanita/bahan-kain/490kjzo-jual-kain-batik-tulis-mega-mendung-parang-katun-primisima-khas-trusmi-cirebon-kode-028?from=list-product&pos=0&keyword=Kain%20Batik%20Tulis%20Mega%20Mendung%20Parang%20Katun%20Primisima%20Khas%',6,'2021-01-19 21:05:15','2021-01-21 07:53:45',0),(30,'Kain Batik Tulis Mega Mendung Parang Katun Primisima Khas Trusmi Cirebon Kode 029','kain-batik-tulis-mega-mendung-parang-katun-primisima-khas-trusmi-cirebon-kode-029','250cm x 100cm','2021-01-21 08:45:29','1611112191_8004ac3aa79cc858821a.jpeg','<p><strong>Budayakan membaca sebelum membeli</strong></p><p>*Batik Tulis<br />*Full Canting dan Pewarnaan Rendaman Air (bukan dicolet)<br />*Buatan Pengrajin Trusmi Cirebon<br />*Ukuran 250cm x 100cm<br />*Bisa untuk dibuat jadi kemeja, dres, blus, kebaya dan lain-lai.<br />*Menerima Jahitan</p><p>*Real Pict, No efek, no edit dan no flash, warna sesuai yang difoto</p><p>*Batik tulis adalah kain yang dihias dengan teksture dan corak batik menggunakan tangan. Pembuatan batik jenis ini memakan waktu kurang lebih 2-3 bulan.</p><p>*Menerima pemesanan batik tulis sesuai motif yang diinginkan</p>',625000,825000,'','https://www.tokopedia.com/batikid/kain-batik-tulis-mega-mendung-parang-katun-primisima-khas-trusmi-029','https://www.bukalapak.com/p/fashion-wanita/bahan-kain/48zvh8x-jual-kain-batik-tulis-mega-mendung-parang-katun-primisima-khas-trusmi-cirebon-kode-029?from=list-product&pos=0&keyword=Kain%20Batik%20Tulis%20Mega%20Mendung%20Parang%20Katun%20Primisima%20Khas%',6,'2021-01-19 21:09:51','2021-01-21 07:45:29',0),(31,'Kain Batik Tulis Mega Mendung Parang Katun Primisima Khas Trusmi Cirebon Kode 030','kain-batik-tulis-mega-mendung-parang-katun-primisima-khas-trusmi-cirebon-kode-030','250cm x 100cm','2021-01-21 08:47:40','1611112499_a7c2e1a57fdf2cd0a97f.jpeg','<p><strong>Budayakan membaca sebelum membeli</strong></p><p>*Batik Tulis<br />*Full Canting dan Pewarnaan Rendaman Air (bukan dicolet)<br />*Buatan Pengrajin Trusmi Cirebon<br />*Ukuran 250cm x 100cm<br />*Bisa untuk dibuat jadi kemeja, dres, blus, kebaya dan lain-lai.<br />*Menerima Jahitan</p><p>*Real Pict, No efek, no edit dan no flash, warna sesuai yang difoto</p><p>*Batik tulis adalah kain yang dihias dengan teksture dan corak batik menggunakan tangan. Pembuatan batik jenis ini memakan waktu kurang lebih 2-3 bulan.</p><p>*Menerima pemesanan batik tulis sesuai motif yang diinginkan</p>',625000,825000,'https://shopee.co.id/product/61687869/5577448870/','https://www.tokopedia.com/batikid/kain-batik-tulis-mega-mendung-parang-katun-primisima-khas-trusmi-030','https://www.bukalapak.com/p/fashion-wanita/bahan-kain/48zvrht-jual-kain-batik-tulis-mega-mendung-parang-katun-primisima-khas-trusmi-cirebon-kode-030?from=list-product&pos=0&keyword=Kain%20Batik%20Tulis%20Mega%20Mendung%20Parang%20Katun%20Primisima%20Khas%',6,'2021-01-19 21:14:59','2021-01-21 07:47:40',0),(32,'Kain Batik Tulis Mega Mendung Parang Katun Primisima Khas Trusmi Cirebon Kode 031','kain-batik-tulis-mega-mendung-parang-katun-primisima-khas-trusmi-cirebon-kode-031','250cm x 100cm','2021-01-21 08:52:02','1611191206_6f44baf03726d23acd2c.jpeg','<p><strong>Budayakan membaca sebelum membeli</strong></p><p>*Batik Tulis<br />*Full Canting dan Pewarnaan Rendaman Air (bukan dicolet)<br />*Buatan Pengrajin Trusmi Cirebon<br />*Ukuran 250cm x 100cm<br />*Bisa untuk dibuat jadi kemeja, dres, blus, kebaya dan lain-lai.<br />*Menerima Jahitan</p><p>*Real Pict, No efek, no edit dan no flash, warna sesuai yang difoto</p><p>*Batik tulis adalah kain yang dihias dengan teksture dan corak batik menggunakan tangan. Pembuatan batik jenis ini memakan waktu kurang lebih 2-3 bulan.</p><p>*Menerima pemesanan batik tulis sesuai motif yang diinginkan</p>',625000,825000,'https://shopee.co.id/product/61687869/4677452439/','https://www.tokopedia.com/batikid/kain-batik-tulis-mega-mendung-parang-katun-primisima-khas-trusmi-031','https://www.bukalapak.com/p/fashion-wanita/bahan-kain/490kw8s-jual-kain-batik-tulis-mega-mendung-parang-katun-primisima-khas-trusmi-cirebon-kode-031?from=list-product&pos=0&keyword=Kain%20Batik%20Tulis%20Mega%20Mendung%20Parang%20Katun%20Primisima%20Khas%',6,'2021-01-20 19:06:46','2021-01-21 07:52:02',0),(33,'Kain Batik Tulis Mega Mendung Parang Katun Primisima Khas Trusmi Cirebon Kode 032','kain-batik-tulis-mega-mendung-parang-katun-primisima-khas-trusmi-cirebon-kode-032','250cm x 100cm','2021-01-21 08:07:26','1611191246_fd7a53ae8f2534f9b8f1.jpeg','<p><strong>Budayakan membaca sebelum membeli</strong></p><p>*Batik Tulis<br />*Full Canting dan Pewarnaan Rendaman Air (bukan dicolet)<br />*Buatan Pengrajin Trusmi Cirebon<br />*Ukuran 250cm x 100cm<br />*Bisa untuk dibuat jadi kemeja, dres, blus, kebaya dan lain-lai.<br />*Menerima Jahitan</p><p>*Real Pict, No efek, no edit dan no flash, warna sesuai yang difoto</p><p>*Batik tulis adalah kain yang dihias dengan teksture dan corak batik menggunakan tangan. Pembuatan batik jenis ini memakan waktu kurang lebih 2-3 bulan.</p><p>*Menerima pemesanan batik tulis sesuai motif yang diinginkan</p>',625000,825000,NULL,NULL,NULL,6,'2021-01-20 19:07:26','2021-01-20 19:07:26',0),(34,'Kain Batik Tulis Mega Mendung Parang Katun Primisima Khas Trusmi Cirebon Kode 033','kain-batik-tulis-mega-mendung-parang-katun-primisima-khas-trusmi-cirebon-kode-033','250cm x 100cm','2021-01-21 08:08:16','1611191296_70fb4c5cd698680ec3b3.jpeg','<p><strong>Budayakan membaca sebelum membeli</strong></p><p>*Batik Tulis<br />*Full Canting dan Pewarnaan Rendaman Air (bukan dicolet)<br />*Buatan Pengrajin Trusmi Cirebon<br />*Ukuran 250cm x 100cm<br />*Bisa untuk dibuat jadi kemeja, dres, blus, kebaya dan lain-lai.<br />*Menerima Jahitan</p><p>*Real Pict, No efek, no edit dan no flash, warna sesuai yang difoto</p><p>*Batik tulis adalah kain yang dihias dengan teksture dan corak batik menggunakan tangan. Pembuatan batik jenis ini memakan waktu kurang lebih 2-3 bulan.</p><p>*Menerima pemesanan batik tulis sesuai motif yang diinginkan</p>',625000,825000,NULL,NULL,NULL,6,'2021-01-20 19:08:16','2021-01-20 19:08:16',0),(35,'Kain Batik Tulis Mega Mendung Parang Katun Primisima Khas Trusmi Cirebon Kode 034','kain-batik-tulis-mega-mendung-parang-katun-primisima-khas-trusmi-cirebon-kode-034','250cm x 100cm','2021-01-21 08:09:19','1611191359_75bd27befdc6d05cc43b.jpeg','<p><strong>Budayakan membaca sebelum membeli</strong></p><p>*Batik Tulis<br />*Full Canting dan Pewarnaan Rendaman Air (bukan dicolet)<br />*Buatan Pengrajin Trusmi Cirebon<br />*Ukuran 250cm x 100cm<br />*Bisa untuk dibuat jadi kemeja, dres, blus, kebaya dan lain-lai.<br />*Menerima Jahitan</p><p>*Real Pict, No efek, no edit dan no flash, warna sesuai yang difoto</p><p>*Batik tulis adalah kain yang dihias dengan teksture dan corak batik menggunakan tangan. Pembuatan batik jenis ini memakan waktu kurang lebih 2-3 bulan.</p><p>*Menerima pemesanan batik tulis sesuai motif yang diinginkan</p>',625000,825000,NULL,NULL,NULL,6,'2021-01-20 19:09:19','2021-01-20 19:09:19',0),(36,'Kain Batik Tulis Mega Mendung Parang Katun Primisima Khas Trusmi Cirebon Kode 035','kain-batik-tulis-mega-mendung-parang-katun-primisima-khas-trusmi-cirebon-kode-035','250cm x 100cm','2021-01-21 09:20:03','1611192017_c023d0203542066ac5ba.jpeg','<p><strong>Budayakan membaca sebelum membeli</strong></p><p>*Batik Tulis<br />*Full Canting dan Pewarnaan Rendaman Air (bukan dicolet)<br />*Buatan Pengrajin Trusmi Cirebon<br />*Ukuran 250cm x 100cm<br />*Bisa untuk dibuat jadi kemeja, dres, blus, kebaya dan lain-lai.<br />*Menerima Jahitan</p><p>*Real Pict, No efek, no edit dan no flash, warna sesuai yang difoto</p><p>*Batik tulis adalah kain yang dihias dengan teksture dan corak batik menggunakan tangan. Pembuatan batik jenis ini memakan waktu kurang lebih 2-3 bulan.</p><p>*Menerima pemesanan batik tulis sesuai motif yang diinginkan</p>',625000,825000,'https://shopee.co.id/product/61687869/4877453695/','','https://www.bukalapak.com/p/fashion-wanita/bahan-kain/490m1o1-jual-kain-batik-tulis-mega-mendung-parang-katun-primisima-khas-trusmi-cirebon-kode-035?from=list-product&pos=0&keyword=Kain%20Batik%20Tulis%20Mega%20Mendung%20Parang%20Katun%20Primisima%20Khas%',6,'2021-01-20 19:20:19','2021-01-21 08:20:03',0),(37,'Kain Batik Tulis Mega Mendung Parang Katun Primisima Khas Trusmi Cirebon Kode 036','kain-batik-tulis-mega-mendung-parang-katun-primisima-khas-trusmi-cirebon-kode-036','250cm x 100cm','2021-01-21 08:21:26','1611192086_1dce2a69c1659102cc99.jpeg','<p><strong>Budayakan membaca sebelum membeli</strong></p><p>*Batik Tulis<br />*Full Canting dan Pewarnaan Rendaman Air (bukan dicolet)<br />*Buatan Pengrajin Trusmi Cirebon<br />*Ukuran 250cm x 100cm<br />*Bisa untuk dibuat jadi kemeja, dres, blus, kebaya dan lain-lai.<br />*Menerima Jahitan</p><p>*Real Pict, No efek, no edit dan no flash, warna sesuai yang difoto</p><p>*Batik tulis adalah kain yang dihias dengan teksture dan corak batik menggunakan tangan. Pembuatan batik jenis ini memakan waktu kurang lebih 2-3 bulan.</p><p>*Menerima pemesanan batik tulis sesuai motif yang diinginkan</p>',625000,825000,NULL,NULL,NULL,6,'2021-01-20 19:21:26','2021-01-20 19:21:26',0),(38,'Kain Batik Tulis Mega Mendung Parang Katun Primisima Khas Trusmi Cirebon Kode 037','kain-batik-tulis-mega-mendung-parang-katun-primisima-khas-trusmi-cirebon-kode-037','250cm x 100cm','2021-01-21 08:22:26','1611192146_1e2a92f942235e69302b.jpeg','<p><strong>Budayakan membaca sebelum membeli</strong></p><p>*Batik Tulis<br />*Full Canting dan Pewarnaan Rendaman Air (bukan dicolet)<br />*Buatan Pengrajin Trusmi Cirebon<br />*Ukuran 250cm x 100cm<br />*Bisa untuk dibuat jadi kemeja, dres, blus, kebaya dan lain-lai.<br />*Menerima Jahitan</p><p>*Real Pict, No efek, no edit dan no flash, warna sesuai yang difoto</p><p>*Batik tulis adalah kain yang dihias dengan teksture dan corak batik menggunakan tangan. Pembuatan batik jenis ini memakan waktu kurang lebih 2-3 bulan.</p><p>*Menerima pemesanan batik tulis sesuai motif yang diinginkan</p>',625000,825000,NULL,NULL,NULL,6,'2021-01-20 19:22:26','2021-01-20 19:22:26',0),(39,'Kain Batik Tulis Motif Bunga Khas Trusmi Cirebon Kode 038','kain-batik-tulis-motif-bunga-khas-trusmi-cirebon-kode-038','250cm x 100cm','2021-01-21 09:12:08','1611196617_3855526b64b031078e06.jpeg','<p><strong>Budayakan membaca sebelum membeli</strong></p><p>*Batik Tulis<br />*Full Canting dan Pewarnaan Rendaman Air (bukan dicolet)<br />*Buatan Pengrajin Trusmi Cirebon<br />*Ukuran 250cm x 100cm<br />*Bisa untuk dibuat jadi kemeja, dres, blus, kebaya dan lain-lai.<br />*Menerima Jahitan</p><p>*Real Pict, No efek, no edit dan no flash, warna sesuai yang difoto</p><p>*Batik tulis adalah kain yang dihias dengan teksture dan corak batik menggunakan tangan. Pembuatan batik jenis ini memakan waktu kurang lebih 2-3 bulan.</p><p>*Menerima pemesanan batik tulis sesuai motif yang diinginkan</p>',475000,675000,'https://shopee.co.id/product/61687869/3677541033/','https://www.tokopedia.com/batikid/kain-batik-tulis-motif-bunga-khas-trusmi-cirebon-kode-038','https://www.bukalapak.com/p/fashion-wanita/bahan-kain/490sl27-jual-kain-batik-tulis-motif-bunga-khas-trusmi-cirebon-kode-038?from=list-product&pos=0&keyword=Kain%20Batik%20Tulis%20Motif%20Bunga%20Khas%20Trusmi%20Cirebon%20Kode%20038&funnel=omnisearch&prod',6,'2021-01-20 20:36:57','2021-01-21 08:12:08',0),(40,'Kain Batik Tulis Motif Bunga Burung Merak Khas Trusmi Kode 039','kain-batik-tulis-motif-bunga-burung-merak-khas-trusmi-kode-039','250cm x 100cm','2021-01-21 09:14:53','1611196703_d0ee7213f765fd2fb37d.jpeg','<p><strong>Budayakan membaca sebelum membeli</strong></p><p>*Batik Tulis<br />*Full Canting dan Pewarnaan Rendaman Air (bukan dicolet)<br />*Buatan Pengrajin Trusmi Cirebon<br />*Ukuran 250cm x 100cm<br />*Bisa untuk dibuat jadi kemeja, dres, blus, kebaya dan lain-lai.<br />*Menerima Jahitan</p><p>*Real Pict, No efek, no edit dan no flash, warna sesuai yang difoto</p><p>*Batik tulis adalah kain yang dihias dengan teksture dan corak batik menggunakan tangan. Pembuatan batik jenis ini memakan waktu kurang lebih 2-3 bulan.</p><p>*Menerima pemesanan batik tulis sesuai motif yang diinginkan</p>',475000,675000,'https://shopee.co.id/product/61687869/6277454188/','https://www.tokopedia.com/batikid/kain-batik-tulis-motif-bunga-burung-merak-khas-trusmi-kode-039','https://www.bukalapak.com/p/fashion-wanita/bahan-kain/490sw03-jual-kain-batik-tulis-motif-bunga-burung-merak-khas-trusmi-kode-039?from=list-product&pos=0&keyword=Kain%20Batik%20Tulis%20Motif%20Bunga%20Burung%20Merak%20Khas%20Trusmi%20Kode%20039&funnel=omn',6,'2021-01-20 20:38:23','2021-01-21 08:14:53',1),(41,'Kain Batik Tulis Motif Bunga Burung Merak Khas Trusmi Kode 040','kain-batik-tulis-motif-bunga-burung-merak-khas-trusmi-kode-040','250cm x 100cm','2021-01-21 09:18:32','1611196792_ea60dba7d3ee83bf4dd5.jpeg','<p><strong>Budayakan membaca sebelum membeli</strong></p><p>*Batik Tulis<br />*Full Canting dan Pewarnaan Rendaman Air (bukan dicolet)<br />*Buatan Pengrajin Trusmi Cirebon<br />*Ukuran 250cm x 100cm<br />*Bisa untuk dibuat jadi kemeja, dres, blus, kebaya dan lain-lai.<br />*Menerima Jahitan</p><p>*Real Pict, No efek, no edit dan no flash, warna sesuai yang difoto</p><p>*Batik tulis adalah kain yang dihias dengan teksture dan corak batik menggunakan tangan. Pembuatan batik jenis ini memakan waktu kurang lebih 2-3 bulan.</p><p>*Menerima pemesanan batik tulis sesuai motif yang diinginkan</p>',475000,675000,'https://shopee.co.id/product/61687869/8911046124/','https://www.tokopedia.com/batikid/kain-batik-tulis-motif-bunga-burung-merak-khas-trusmi-kode-040','https://www.bukalapak.com/p/fashion-wanita/bahan-kain/490t2ed-jual-kain-batik-tulis-motif-bunga-burung-merak-khas-trusmi-kode-040?from=list-product&pos=0&keyword=Kain%20Batik%20Tulis%20Motif%20Bunga%20Burung%20Merak%20Khas%20Trusmi%20Kode%20040&funnel=omn',6,'2021-01-20 20:39:52','2021-01-21 08:18:32',0),(42,'Kain Batik Tulis Motif Bunga Merak Khas Trusmi Kode 041','kain-batik-tulis-motif-bunga-merak-khas-trusmi-kode-041','250cm x 100cm','2021-01-21 09:22:44','1611196939_3e96257cba3af06efe10.jpeg','<p><strong>Budayakan membaca sebelum membeli</strong></p><p>*Batik Tulis<br />*Full Canting dan Pewarnaan Rendaman Air (bukan dicolet)<br />*Buatan Pengrajin Trusmi Cirebon<br />*Ukuran 250cm x 100cm<br />*Bisa untuk dibuat jadi kemeja, dres, blus, kebaya dan lain-lai.<br />*Menerima Jahitan</p><p>*Real Pict, No efek, no edit dan no flash, warna sesuai yang difoto</p><p>*Batik tulis adalah kain yang dihias dengan teksture dan corak batik menggunakan tangan. Pembuatan batik jenis ini memakan waktu kurang lebih 2-3 bulan.</p><p>*Menerima pemesanan batik tulis sesuai motif yang diinginkan</p>',475000,675000,'https://shopee.co.id/product/61687869/6977443988/','https://www.tokopedia.com/batikid/kain-batik-tulis-motif-bunga-burung-merak-khas-trusmi-kode-041','https://www.bukalapak.com/p/fashion-wanita/bahan-kain/490tf9u-jual-kain-batik-tulis-motif-bunga-merak-khas-trusmi-kode-041?from=list-product&pos=0&keyword=Kain%20Batik%20Tulis%20Motif%20Bunga%20Merak%20Khas%20Trusmi%20Kode%20041&funnel=omnisearch&product_',6,'2021-01-20 20:42:19','2021-01-21 08:22:44',0),(43,'Kain Batik Tulis Motif Bunga Khas Trusmi Kode 042','kain-batik-tulis-motif-bunga-khas-trusmi-kode-042','250cm x 100cm','2021-01-21 09:44:06','1611197046_c5be5e2f7ed1ad712e5e.jpeg','<p><strong>Budayakan membaca sebelum membeli</strong></p><p>*Batik Tulis<br />*Full Canting dan Pewarnaan Rendaman Air (bukan dicolet)<br />*Buatan Pengrajin Trusmi Cirebon<br />*Ukuran 250cm x 100cm<br />*Bisa untuk dibuat jadi kemeja, dres, blus, kebaya dan lain-lai.<br />*Menerima Jahitan</p><p>*Real Pict, No efek, no edit dan no flash, warna sesuai yang difoto</p><p>*Batik tulis adalah kain yang dihias dengan teksture dan corak batik menggunakan tangan. Pembuatan batik jenis ini memakan waktu kurang lebih 2-3 bulan.</p><p>*Menerima pemesanan batik tulis sesuai motif yang diinginkan</p>',475000,675000,NULL,NULL,NULL,6,'2021-01-20 20:44:06','2021-01-20 20:44:06',0),(44,'Kain Batik Tulis Motif Anggonan Tanahan Katun Primisima Khas Trusmi Cirebon Kode 043','kain-batik-tulis-motif-anggonan-tanahan-katun-primisima-khas-trusmi-cirebon-kode-043','250cm x 100cm','2021-01-21 08:55:36','1611222464_659442127b995c2746a5.jpeg','<p><strong>Budayakan membaca sebelum membeli</strong></p><p>*Batik Tulis<br />*Full Canting dan Pewarnaan Rendaman Air (bukan dicolet)<br />*Buatan Pengrajin Trusmi Cirebon<br />*Ukuran 250cm x 100cm<br />*Bisa untuk dibuat jadi kemeja, dres, blus, kebaya dan lain-lai.<br />*Menerima Jahitan</p><p>*Real Pict, No efek, no edit dan no flash, warna sesuai yang difoto</p><p>*Batik tulis adalah kain yang dihias dengan teksture dan corak batik menggunakan tangan. Pembuatan batik jenis ini memakan waktu kurang lebih 2-3 bulan.</p><p>*Menerima pemesanan batik tulis sesuai motif yang diinginkan</p>',850000,1050000,'https://shopee.co.id/product/61687869/5077545733/','https://www.tokopedia.com/batikid/kain-batik-tulis-anggonan-tanahan-katun-primisima-khas-trusmi-043','https://www.bukalapak.com/p/fashion-wanita/bahan-kain/491fruk-jual-kain-batik-tulis-motif-anggonan-tanahan-katun-primisima-khas-trusmi-cirebon-kode-043?from=list-product&pos=0&keyword=Kain%20Batik%20Tulis%20Motif%20Anggonan%20Tanahan%20Katun%20Primisima%2',6,'2021-01-21 03:47:44','2021-01-21 07:55:36',0),(45,'Kain Batik Tulis Motif Anggonan Tanahan Katun Primisima Khas Trusmi Cirebon Kode 044','kain-batik-tulis-motif-anggonan-tanahan-katun-primisima-khas-trusmi-cirebon-kode-044','250cm x 100cm','2021-01-21 08:57:24','1611222561_ac48a78b38da04a0bbee.jpeg','<p><strong>Budayakan membaca sebelum membeli</strong></p><p>*Batik Tulis<br />*Full Canting dan Pewarnaan Rendaman Air (bukan dicolet)<br />*Buatan Pengrajin Trusmi Cirebon<br />*Ukuran 250cm x 100cm<br />*Bisa untuk dibuat jadi kemeja, dres, blus, kebaya dan lain-lai.<br />*Menerima Jahitan</p><p>*Real Pict, No efek, no edit dan no flash, warna sesuai yang difoto</p><p>*Batik tulis adalah kain yang dihias dengan teksture dan corak batik menggunakan tangan. Pembuatan batik jenis ini memakan waktu kurang lebih 2-3 bulan.</p><p>*Menerima pemesanan batik tulis sesuai motif yang diinginkan</p>',85000,1050000,'https://seller.shopee.co.id/portal/product/4377528128/','https://www.tokopedia.com/batikid/kain-batik-tulis-anggonan-tanahan-katun-primisima-khas-trusmi-044','https://www.bukalapak.com/p/fashion-wanita/bahan-kain/491fz9n-jual-kain-batik-tulis-motif-anggonan-tanahan-katun-primisima-khas-trusmi-cirebon-kode-044?from=list-product&pos=0&keyword=Kain%20Batik%20Tulis%20Motif%20Anggonan%20Tanahan%20Katun%20Primisima%2',6,'2021-01-21 03:49:21','2021-01-21 07:57:24',0),(46,'Kain Batik Tulis Motif Anggonan Tanahan Katun Primisima Khas Trusmi Cirebon Kode 045','kain-batik-tulis-motif-anggonan-tanahan-katun-primisima-khas-trusmi-cirebon-kode-045','250cm x 100cm','2021-01-21 08:59:12','1611222624_9ab839e35bc6fdccb1a5.jpeg','<p><strong>Budayakan membaca sebelum membeli</strong></p><p>*Batik Tulis<br />*Full Canting dan Pewarnaan Rendaman Air (bukan dicolet)<br />*Buatan Pengrajin Trusmi Cirebon<br />*Ukuran 250cm x 100cm<br />*Bisa untuk dibuat jadi kemeja, dres, blus, kebaya dan lain-lai.<br />*Menerima Jahitan</p><p>*Real Pict, No efek, no edit dan no flash, warna sesuai yang difoto</p><p>*Batik tulis adalah kain yang dihias dengan teksture dan corak batik menggunakan tangan. Pembuatan batik jenis ini memakan waktu kurang lebih 2-3 bulan.</p><p>*Menerima pemesanan batik tulis sesuai motif yang diinginkan</p>',850000,1050000,'https://shopee.co.id/product/61687869/4677528258/','https://www.tokopedia.com/batikid/kain-batik-tulis-anggonan-tanahan-katun-primisima-khas-trusmi-045','https://www.bukalapak.com/p/fashion-wanita/bahan-kain/491g5jr-jual-kain-batik-tulis-motif-anggonan-tanahan-katun-primisima-khas-trusmi-cirebon-kode-045?from=list-product&pos=0&keyword=Kain%20Batik%20Tulis%20Motif%20Anggonan%20Tanahan%20Katun%20Primisima%2',6,'2021-01-21 03:50:24','2021-01-21 07:59:12',0),(47,'Kain Batik Tulis Motif Anggonan Tanahan Katun Primisima Khas Trusmi Cirebon Kode 046','kain-batik-tulis-motif-anggonan-tanahan-katun-primisima-khas-trusmi-cirebon-kode-046','250cm x 100cm','2021-01-21 09:02:50','1611222715_e8d94a70c007ddce1195.jpeg','<p><strong>Budayakan membaca sebelum membeli</strong></p><p>*Batik Tulis<br />*Full Canting dan Pewarnaan Rendaman Air (bukan dicolet)<br />*Buatan Pengrajin Trusmi Cirebon<br />*Ukuran 250cm x 100cm<br />*Bisa untuk dibuat jadi kemeja, dres, blus, kebaya dan lain-lai.<br />*Menerima Jahitan</p><p>*Real Pict, No efek, no edit dan no flash, warna sesuai yang difoto</p><p>*Batik tulis adalah kain yang dihias dengan teksture dan corak batik menggunakan tangan. Pembuatan batik jenis ini memakan waktu kurang lebih 2-3 bulan.</p><p>*Menerima pemesanan batik tulis sesuai motif yang diinginkan</p>',850000,1050000,'https://shopee.co.id/product/61687869/9511126338/','https://www.tokopedia.com/batikid/kain-batik-tulis-anggonan-tanahan-katun-primisima-khas-trusmi-046','https://www.bukalapak.com/p/fashion-wanita/bahan-kain/491gedo-jual-kain-batik-tulis-motif-anggonan-tanahan-katun-primisima-khas-trusmi-cirebon-kode-046?from=list-product&pos=0&keyword=Kain%20Batik%20Tulis%20Motif%20Anggonan%20Tanahan%20Katun%20Primisima%2',6,'2021-01-21 03:51:55','2021-01-21 08:02:50',0),(48,'Kain Batik Tulis Motif Anggonan Tanahan Katun Primisima Khas Trusmi Cirebon Kode Kode 047','kain-batik-tulis-motif-anggonan-tanahan-katun-primisima-khas-trusmi-cirebon-kode-kode-047','250cm x 100cm','2021-01-21 09:05:10','1611222852_de226de32a6df2d402f7.jpeg','<p><strong>Budayakan membaca sebelum membeli</strong></p><p>*Batik Tulis<br />*Full Canting dan Pewarnaan Rendaman Air (bukan dicolet)<br />*Buatan Pengrajin Trusmi Cirebon<br />*Ukuran 250cm x 100cm<br />*Bisa untuk dibuat jadi kemeja, dres, blus, kebaya dan lain-lai.<br />*Menerima Jahitan</p><p>*Real Pict, No efek, no edit dan no flash, warna sesuai yang difoto</p><p>*Batik tulis adalah kain yang dihias dengan teksture dan corak batik menggunakan tangan. Pembuatan batik jenis ini memakan waktu kurang lebih 2-3 bulan.</p><p>*Menerima pemesanan batik tulis sesuai motif yang diinginkan</p>',850000,1050000,'https://shopee.co.id/product/61687869/8711126780/','https://www.tokopedia.com/batikid/kain-batik-tulis-anggonan-tanahan-katun-primisima-khas-trusmi-047','https://www.bukalapak.com/p/fashion-wanita/bahan-kain/491gvvo-jual-kain-batik-tulis-motif-anggonan-tanahan-katun-primisima-khas-trusmi-cirebon-kode-kode-047?from=list-product&pos=0&keyword=Kain%20Batik%20Tulis%20Motif%20Anggonan%20Tanahan%20Katun%20Primis',6,'2021-01-21 03:54:12','2021-01-21 08:05:10',1),(49,'Kain Batik Tulis Motif Anggonan Tanahan Katun Primisima Khas Trusmi Cirebon Kode Kode 048','kain-batik-tulis-motif-anggonan-tanahan-katun-primisima-khas-trusmi-cirebon-kode-kode-048','250cm x 100cm','2021-01-21 09:08:46','1611222902_236cb4a6dc922fd7dd34.jpeg','<p><strong>Budayakan membaca sebelum membeli</strong></p><p>*Batik Tulis<br />*Full Canting dan Pewarnaan Rendaman Air (bukan dicolet)<br />*Buatan Pengrajin Trusmi Cirebon<br />*Ukuran 250cm x 100cm<br />*Bisa untuk dibuat jadi kemeja, dres, blus, kebaya dan lain-lai.<br />*Menerima Jahitan</p><p>*Real Pict, No efek, no edit dan no flash, warna sesuai yang difoto</p><p>*Batik tulis adalah kain yang dihias dengan teksture dan corak batik menggunakan tangan. Pembuatan batik jenis ini memakan waktu kurang lebih 2-3 bulan.</p><p>*Menerima pemesanan batik tulis sesuai motif yang diinginkan</p>',850000,1050000,'https://shopee.co.id/product/61687869/9411127173/','https://www.tokopedia.com/batikid/kain-batik-tulis-anggonan-tanahan-katun-primisima-khas-trusmi-048','https://www.bukalapak.com/p/fashion-wanita/bahan-kain/491h2hb-jual-kain-batik-tulis-motif-anggonan-tanahan-katun-primisima-khas-trusmi-cirebon-kode-kode-048?from=list-product&pos=0&keyword=Kain%20Batik%20Tulis%20Motif%20Anggonan%20Tanahan%20Katun%20Primis',6,'2021-01-21 03:55:02','2021-01-21 08:08:46',0),(50,'Kain Batik Tulis Motif Bunga Khas Trusmi Kode 049','kain-batik-tulis-motif-bunga-khas-trusmi-kode-049','250cm x 100cm','2021-02-04 08:58:32','1612403912_448ce3b144ef2239b272.jpeg','<p><strong>Budayakan membaca sebelum membeli</strong></p><p>*Batik Tulis<br />*Full Canting dan Pewarnaan Rendaman Air (bukan dicolet)<br />*Buatan Pengrajin Trusmi Cirebon<br />*Ukuran 250cm x 100cm<br />*Bisa untuk dibuat jadi kemeja, dres, blus, kebaya dan lain-lai.<br />*Menerima Jahitan</p><p>*Real Pict, No efek, no edit dan no flash, warna sesuai yang difoto</p><p>*Batik tulis adalah kain yang dihias dengan teksture dan corak batik menggunakan tangan. Pembuatan batik jenis ini memakan waktu kurang lebih 2-3 bulan.</p><p>*Menerima pemesanan batik tulis sesuai motif yang diinginkan</p>',100000,200000,NULL,NULL,NULL,6,'2021-02-03 19:58:32','2021-02-03 19:58:32',1);
/*!40000 ALTER TABLE `batik` ENABLE KEYS */;
UNLOCK TABLES;

--
-- Table structure for table `batik_motif`
--

DROP TABLE IF EXISTS `batik_motif`;
/*!40101 SET @saved_cs_client     = @@character_set_client */;
/*!50503 SET character_set_client = utf8mb4 */;
CREATE TABLE `batik_motif` (
  `id` int NOT NULL AUTO_INCREMENT,
  `batik_id` int NOT NULL,
  `motif_id` int NOT NULL,
  `created_at` datetime DEFAULT NULL,
  `updated_at` datetime DEFAULT NULL,
  PRIMARY KEY (`id`),
  KEY `fk_pivot_batik_idx` (`batik_id`),
  KEY `fk_pivot_motif_idx` (`motif_id`),
  CONSTRAINT `fk_pivot_batik` FOREIGN KEY (`batik_id`) REFERENCES `batik` (`id`) ON DELETE RESTRICT ON UPDATE CASCADE,
  CONSTRAINT `fk_pivot_motif` FOREIGN KEY (`motif_id`) REFERENCES `motif` (`id`)
) ENGINE=InnoDB AUTO_INCREMENT=98 DEFAULT CHARSET=utf8mb4 COLLATE=utf8mb4_0900_ai_ci;
/*!40101 SET character_set_client = @saved_cs_client */;

--
-- Dumping data for table `batik_motif`
--

LOCK TABLES `batik_motif` WRITE;
/*!40000 ALTER TABLE `batik_motif` DISABLE KEYS */;
INSERT INTO `batik_motif` VALUES (20,17,11,NULL,NULL),(21,18,13,NULL,NULL),(22,18,16,NULL,NULL),(23,18,15,NULL,NULL),(24,19,13,NULL,NULL),(25,19,16,NULL,NULL),(26,19,14,NULL,NULL),(27,20,15,NULL,NULL),(28,20,17,NULL,NULL),(29,20,16,NULL,NULL),(30,21,15,NULL,NULL),(31,21,17,NULL,NULL),(32,21,16,NULL,NULL),(33,22,15,NULL,NULL),(34,22,17,NULL,NULL),(35,22,16,NULL,NULL),(36,23,19,NULL,NULL),(37,23,18,NULL,NULL),(38,24,19,NULL,NULL),(39,24,18,NULL,NULL),(40,25,17,NULL,NULL),(41,25,16,NULL,NULL),(42,26,17,NULL,NULL),(43,26,16,NULL,NULL),(46,28,9,NULL,NULL),(49,30,8,NULL,NULL),(50,30,20,NULL,NULL),(51,31,8,NULL,NULL),(52,31,20,NULL,NULL),(53,27,8,NULL,NULL),(54,27,20,NULL,NULL),(55,29,8,NULL,NULL),(56,29,20,NULL,NULL),(57,32,8,NULL,NULL),(58,32,20,NULL,NULL),(59,33,8,NULL,NULL),(60,33,20,NULL,NULL),(61,34,8,NULL,NULL),(62,34,20,NULL,NULL),(63,35,8,NULL,NULL),(64,35,20,NULL,NULL),(65,36,8,NULL,NULL),(66,36,20,NULL,NULL),(67,37,8,NULL,NULL),(68,37,20,NULL,NULL),(69,38,8,NULL,NULL),(70,38,20,NULL,NULL),(71,39,9,NULL,NULL),(72,39,21,NULL,NULL),(73,40,9,NULL,NULL),(74,40,19,NULL,NULL),(75,40,21,NULL,NULL),(76,41,9,NULL,NULL),(77,41,19,NULL,NULL),(78,41,21,NULL,NULL),(79,42,10,NULL,NULL),(80,42,9,NULL,NULL),(81,42,21,NULL,NULL),(82,43,9,NULL,NULL),(83,43,21,NULL,NULL),(84,44,11,NULL,NULL),(85,44,22,NULL,NULL),(86,45,11,NULL,NULL),(87,45,22,NULL,NULL),(88,46,11,NULL,NULL),(89,46,22,NULL,NULL),(90,47,11,NULL,NULL),(91,47,22,NULL,NULL),(92,48,11,NULL,NULL),(93,48,22,NULL,NULL),(94,49,11,NULL,NULL),(95,49,22,NULL,NULL),(96,50,9,NULL,NULL),(97,50,10,NULL,NULL);
/*!40000 ALTER TABLE `batik_motif` ENABLE KEYS */;
UNLOCK TABLES;

--
-- Table structure for table `gambar`
--

DROP TABLE IF EXISTS `gambar`;
/*!40101 SET @saved_cs_client     = @@character_set_client */;
/*!50503 SET character_set_client = utf8mb4 */;
CREATE TABLE `gambar` (
  `id` int NOT NULL AUTO_INCREMENT,
  `url` varchar(255) NOT NULL,
  `ordinal` int DEFAULT NULL,
  `created_at` datetime DEFAULT NULL,
  `updated_at` datetime DEFAULT NULL,
  `slug` varchar(255) NOT NULL,
  PRIMARY KEY (`id`)
) ENGINE=InnoDB AUTO_INCREMENT=9 DEFAULT CHARSET=utf8mb4 COLLATE=utf8mb4_0900_ai_ci;
/*!40101 SET character_set_client = @saved_cs_client */;

--
-- Dumping data for table `gambar`
--

LOCK TABLES `gambar` WRITE;
/*!40000 ALTER TABLE `gambar` DISABLE KEYS */;
INSERT INTO `gambar` VALUES (6,'1611151375_d5bf6fc9f82de10625e3.jpg',1,'2021-01-14 21:45:35','2021-01-20 08:03:01','1611151375_d5bf6fc9f82de10625e3jpg'),(8,'1611112881_5bdcc032d7d554d290e6.jpg',2,'2021-01-19 20:54:02','2021-01-20 08:03:06','1611112881_5bdcc032d7d554d290e6jpg');
/*!40000 ALTER TABLE `gambar` ENABLE KEYS */;
UNLOCK TABLES;

--
-- Table structure for table `kain`
--

DROP TABLE IF EXISTS `kain`;
/*!40101 SET @saved_cs_client     = @@character_set_client */;
/*!50503 SET character_set_client = utf8mb4 */;
CREATE TABLE `kain` (
  `id` int NOT NULL AUTO_INCREMENT,
  `name` varchar(45) NOT NULL,
  `slug` varchar(45) NOT NULL,
  `created_at` datetime DEFAULT NULL,
  `updated_at` datetime DEFAULT NULL,
  PRIMARY KEY (`id`)
) ENGINE=InnoDB AUTO_INCREMENT=7 DEFAULT CHARSET=utf8mb4 COLLATE=utf8mb4_0900_ai_ci;
/*!40101 SET character_set_client = @saved_cs_client */;

--
-- Dumping data for table `kain`
--

LOCK TABLES `kain` WRITE;
/*!40000 ALTER TABLE `kain` DISABLE KEYS */;
INSERT INTO `kain` VALUES (4,'Katun Bendera Primary','katun-bendera-primary','2021-01-14 22:16:52','2021-01-14 22:16:52'),(5,'Katun GA','katun-ga','2021-01-14 22:35:34','2021-01-14 22:35:34'),(6,'Katun Prismisima','katun-prismisima','2021-01-17 21:32:29','2021-01-17 21:32:29');
/*!40000 ALTER TABLE `kain` ENABLE KEYS */;
UNLOCK TABLES;

--
-- Table structure for table `motif`
--

DROP TABLE IF EXISTS `motif`;
/*!40101 SET @saved_cs_client     = @@character_set_client */;
/*!50503 SET character_set_client = utf8mb4 */;
CREATE TABLE `motif` (
  `id` int NOT NULL AUTO_INCREMENT,
  `name` varchar(45) NOT NULL,
  `slug` varchar(45) NOT NULL,
  `created_at` datetime DEFAULT NULL,
  `updated_at` datetime DEFAULT NULL,
  PRIMARY KEY (`id`)
) ENGINE=InnoDB AUTO_INCREMENT=23 DEFAULT CHARSET=utf8mb4 COLLATE=utf8mb4_0900_ai_ci;
/*!40101 SET character_set_client = @saved_cs_client */;

--
-- Dumping data for table `motif`
--

LOCK TABLES `motif` WRITE;
/*!40000 ALTER TABLE `motif` DISABLE KEYS */;
INSERT INTO `motif` VALUES (8,'Mega Mendung','mega-mendung','2021-01-14 22:17:14','2021-01-14 22:17:14'),(9,'Motif Bunga','motif-bunga','2021-01-14 22:35:17','2021-01-17 19:00:05'),(10,'Motif Burung','motif-burung','2021-01-14 22:35:23','2021-01-17 19:00:14'),(11,'Anggonan','anggonan','2021-01-17 18:54:27','2021-01-17 18:54:27'),(12,'Lokcan','lokcan','2021-01-17 18:54:59','2021-01-17 18:54:59'),(13,'Motif Hitam','motif-hitam','2021-01-17 21:30:25','2021-01-17 21:30:25'),(14,'Kulit Dukuh','kulit-dukuh','2021-01-17 21:30:38','2021-01-17 21:30:38'),(15,'Pola Kemeja','pola-kemeja','2021-01-17 21:30:49','2021-01-17 21:30:49'),(16,'Klasik','klasik','2021-01-17 21:31:17','2021-01-17 21:31:17'),(17,'Sogan','sogan','2021-01-17 21:32:17','2021-01-17 21:32:17'),(18,'Sarung Batik','sarung-batik','2021-01-17 21:33:35','2021-01-17 21:33:35'),(19,'Motif Burung Merak','motif-burung-merak','2021-01-18 00:23:30','2021-01-18 00:23:30'),(20,'Parang','parang','2021-01-19 21:00:50','2021-01-19 21:00:50'),(21,'Batik Trusmi','batik-trusmi','2021-01-20 20:35:16','2021-01-20 20:35:16'),(22,'Tanahan','tanahan','2021-01-21 03:44:31','2021-01-21 03:44:31');
/*!40000 ALTER TABLE `motif` ENABLE KEYS */;
UNLOCK TABLES;

--
-- Table structure for table `toko`
--

DROP TABLE IF EXISTS `toko`;
/*!40101 SET @saved_cs_client     = @@character_set_client */;
/*!50503 SET character_set_client = utf8mb4 */;
CREATE TABLE `toko` (
  `id` int NOT NULL AUTO_INCREMENT,
  `name` varchar(255) NOT NULL,
  `link` varchar(255) NOT NULL,
  `created_at` datetime DEFAULT NULL,
  `updated_at` datetime DEFAULT NULL,
  `slug` varchar(45) NOT NULL,
  PRIMARY KEY (`id`)
) ENGINE=InnoDB AUTO_INCREMENT=7 DEFAULT CHARSET=utf8mb4 COLLATE=utf8mb4_0900_ai_ci;
/*!40101 SET character_set_client = @saved_cs_client */;

--
-- Dumping data for table `toko`
--

LOCK TABLES `toko` WRITE;
/*!40000 ALTER TABLE `toko` DISABLE KEYS */;
INSERT INTO `toko` VALUES (1,'shopee','https://shopee.co.id/mabrur20111996',NULL,'2021-01-20 03:20:43','shopee'),(3,'tokopedia','https://www.tokopedia.com/batikid','2021-01-14 04:24:55','2021-01-18 01:53:33','tokopedia'),(4,'bukalapak','https://www.bukalapak.com/u/mabrur_satori','2021-01-15 02:19:49','2021-01-18 01:24:30','bukalapak'),(5,'whatsapp','https://wa.me/6285624436317','2021-01-15 02:20:10','2021-01-17 22:04:55','whatsapp'),(6,'instagram','https://www.instagram.com/batikh.id/','2021-01-16 05:12:34','2021-01-18 01:25:33','instagram');
/*!40000 ALTER TABLE `toko` ENABLE KEYS */;
UNLOCK TABLES;

--
-- Table structure for table `user`
--

DROP TABLE IF EXISTS `user`;
/*!40101 SET @saved_cs_client     = @@character_set_client */;
/*!50503 SET character_set_client = utf8mb4 */;
CREATE TABLE `user` (
  `id` int NOT NULL AUTO_INCREMENT,
  `name` varchar(45) NOT NULL,
  `email` varchar(255) NOT NULL,
  `password` varchar(255) NOT NULL,
  `created_at` datetime DEFAULT NULL,
  `updated_at` datetime DEFAULT NULL,
  PRIMARY KEY (`id`)
) ENGINE=InnoDB AUTO_INCREMENT=2 DEFAULT CHARSET=utf8mb4 COLLATE=utf8mb4_0900_ai_ci;
/*!40101 SET character_set_client = @saved_cs_client */;

--
-- Dumping data for table `user`
--

LOCK TABLES `user` WRITE;
/*!40000 ALTER TABLE `user` DISABLE KEYS */;
INSERT INTO `user` VALUES (1,'mabrursatori','admin@gmail.com','12345678',NULL,'2021-01-16 05:11:17');
/*!40000 ALTER TABLE `user` ENABLE KEYS */;
UNLOCK TABLES;
/*!40103 SET TIME_ZONE=@OLD_TIME_ZONE */;

/*!40101 SET SQL_MODE=@OLD_SQL_MODE */;
/*!40014 SET FOREIGN_KEY_CHECKS=@OLD_FOREIGN_KEY_CHECKS */;
/*!40014 SET UNIQUE_CHECKS=@OLD_UNIQUE_CHECKS */;
/*!40101 SET CHARACTER_SET_CLIENT=@OLD_CHARACTER_SET_CLIENT */;
/*!40101 SET CHARACTER_SET_RESULTS=@OLD_CHARACTER_SET_RESULTS */;
/*!40101 SET COLLATION_CONNECTION=@OLD_COLLATION_CONNECTION */;
/*!40111 SET SQL_NOTES=@OLD_SQL_NOTES */;

-- Dump completed on 2021-08-01 12:19:15
